<?xml version="1.0" encoding="UTF-8"?>
<rss version="2.0" xmlns:ror="http://rorweb.com/0.1/" >
<channel>
  <title>ROR Sitemap for https://sundarban-tour.com/</title>
  <link>https://sundarban-tour.com/</link>

<item>
     <link>https://sundarban-tour.com/</link>
     <title>Discover the Magic of Jungle wildlife in Sundarban Tour</title>
     <description>Experience an unforgettable Sundarban tour with Jungle safaris, thrilling wildlife &amp; serene Boat rides. Discover the beauty of this UNESCO World Heritage Site. </description>
     <ror:updatePeriod></ror:updatePeriod>
     <ror:sortOrder>0</ror:sortOrder>
     <ror:resourceOf>sitemap</ror:resourceOf>
</item>
<item>
     <link>https://sundarban-tour.com/package/1-day-sundarban-tour</link>
     <title>1-Day Sundarban Tour | ₹1500 Per Head</title>
     <description>Experience the enchanting Sundarban with our 1-Day Tour. Explore the mangrove forest, spot wildlife, and enjoy onboard meals for just ₹1500 per head. Book now for an unforgettable adventure!</description>
     <ror:updatePeriod></ror:updatePeriod>
     <ror:sortOrder>1</ror:sortOrder>
     <ror:resourceOf>sitemap</ror:resourceOf>
</item>
<item>
     <link>https://sundarban-tour.com/package/1-night-2-days</link>
     <title>Sundarban Tour 1 Night 2 Days cost ₹3000 Per Head</title>
     <description>Experience the thrill of the Sundarbans with our 1 Night 2 Days tour package. Starting at ₹4000 per head, enjoy a full jungle safari, cultural events, and local delicacies.</description>
     <ror:updatePeriod></ror:updatePeriod>
     <ror:sortOrder>1</ror:sortOrder>
     <ror:resourceOf>sitemap</ror:resourceOf>
</item>
<item>
     <link>https://sundarban-tour.com/package/2-night-3-days</link>
     <title>Sundarban 3 Days 2 Nights Adventure Package</title>
     <description>Sundarban 3 Days 2 Nights Tour Package. Explore the wildlife, Royal Bengal Tiger, Sundarban Delta Safari, and more. Book your adventure now!</description>
     <ror:updatePeriod></ror:updatePeriod>
     <ror:sortOrder>1</ror:sortOrder>
     <ror:resourceOf>sitemap</ror:resourceOf>
</item>
<item>
     <link>https://sundarban-tour.com/package/3-nights-4-days</link>
     <title>Sundarban Tour Package | 3 Nights 4 Days Trip | Best Sundarban Travel Deals</title>
     <description>Discover the beauty of Sundarban with our 3 nights 4 days tour package. Enjoy wildlife safaris, boat rides, and cultural experiences. Book now for the best Sundarban travel deals!</description>
     <ror:updatePeriod></ror:updatePeriod>
     <ror:sortOrder>1</ror:sortOrder>
     <ror:resourceOf>sitemap</ror:resourceOf>
</item>
<item>
     <link>https://sundarban-tour.com/package/4-nights-5-days</link>
     <title>Sundarban Tour Package | 4 Nights 5 Days Trip | Best Sundarban Travel Deals</title>
     <description>Experience the magic of Sundarban with our 4 nights 5 days tour package. Enjoy wildlife safaris, boat rides, and cultural experiences. Book now for the best Sundarban travel deals!</description>
     <ror:updatePeriod></ror:updatePeriod>
     <ror:sortOrder>1</ror:sortOrder>
     <ror:resourceOf>sitemap</ror:resourceOf>
</item>
<item>
     <link>https://sundarban-tour.com/package/7-days-vip-luxury-tour</link>
     <title>Sundarban VIP Special Package Tour - 7 Nights, 7 Days | Luxury Sundarban Tour</title>
     <description>Discover the beauty of the Sundarbans with our 7-night, 7-day VIP special package tour. Enjoy luxury accommodations, gourmet dining, and exclusive activities. Book now!</description>
     <ror:updatePeriod></ror:updatePeriod>
     <ror:sortOrder>1</ror:sortOrder>
     <ror:resourceOf>sitemap</ror:resourceOf>
</item>
<item>
     <link>https://sundarban-tour.com/blog/</link>
     <title>Discover the Magic of Sundarban</title>
     <description>Experience an unforgettable Sundarban tour with Jungle safaris, thrilling wildlife &amp; serene Boat rides. Discover the beauty of this UNESCO World Heritage Site.</description>
     <ror:updatePeriod></ror:updatePeriod>
     <ror:sortOrder>1</ror:sortOrder>
     <ror:resourceOf>sitemap</ror:resourceOf>
</item>
<item>
     <link>https://sundarban-tour.com/contact-us</link>
     <title>Hritick B , B-Tech, Freelancer Experienced Web Developer </title>
     <description>I have been in this industry since 2019 and have developed more than 20+ websites which include Business websites, eCommerce websites, and Web Applications.</description>
     <ror:updatePeriod></ror:updatePeriod>
     <ror:sortOrder>1</ror:sortOrder>
     <ror:resourceOf>sitemap</ror:resourceOf>
</item>
<item>
     <link>https://sundarban-tour.com/about-us</link>
     <title>Hritick B , B-Tech, Freelancer Experienced Web Developer </title>
     <description>I have been in this industry since 2019 and have developed more than 20+ websites which include Business websites, eCommerce websites, and Web Applications.</description>
     <ror:updatePeriod></ror:updatePeriod>
     <ror:sortOrder>1</ror:sortOrder>
     <ror:resourceOf>sitemap</ror:resourceOf>
</item>
<item>
     <link>https://sundarban-tour.com/gallery/</link>
     <title>Discover the Magic of Jungle wildlife in Sundarban Tour</title>
     <description>Experience an unforgettable Sundarban tour with Jungle safaris, thrilling wildlife &amp; serene Boat rides. Discover the beauty of this UNESCO World Heritage Site. </description>
     <ror:updatePeriod></ror:updatePeriod>
     <ror:sortOrder>1</ror:sortOrder>
     <ror:resourceOf>sitemap</ror:resourceOf>
</item>
<item>
     <link>https://sundarban-tour.com/blog/1-day-sundarban-trip</link>
     <title>Sundarban Tour 1 Night 2 Days - Explore the Wild for ₹3000/- Per Head</title>
     <description>https://sundarban-tour.com/res/image/meta-image/Sundarban-Tour-1-Night-2-Days.png</description>
     <ror:updatePeriod></ror:updatePeriod>
     <ror:sortOrder>1</ror:sortOrder>
     <ror:resourceOf>sitemap</ror:resourceOf>
</item>
<item>
     <link>https://sundarban-tour.com/blog/bengal-tiger-sundarban</link>
     <title>Bengal Tiger in Sundarban: Ultimate Guide to Spotting the Royal Bengal Tiger</title>
     <description>Discover the Bengal Tiger in Sundarban with our comprehensive guide. Learn about the habitat, behavior, and best ways to spot the Royal Bengal Tiger in the Sundarbans. Plan your visit with our expert tips.</description>
     <ror:updatePeriod></ror:updatePeriod>
     <ror:sortOrder>1</ror:sortOrder>
     <ror:resourceOf>sitemap</ror:resourceOf>
</item>
<item>
     <link>https://sundarban-tour.com/blog/best-resort-in-sundarban-2</link>
     <title>Best Resort in Sundarban - Luxurious Stays in the Heart of Nature</title>
     <description>Discover the best resort in Sundarban for an unforgettable experience. Explore top accommodations, amenities, and wildlife adventures that make your stay luxurious and memorable.</description>
     <ror:updatePeriod></ror:updatePeriod>
     <ror:sortOrder>1</ror:sortOrder>
     <ror:resourceOf>sitemap</ror:resourceOf>
</item>
<item>
     <link>https://sundarban-tour.com/blog/best-sundarban-tour-package</link>
     <title>Why a Sundarban Trip Should Be on Your Bucket List</title>
     <description>The Sundarbans, one of the
    largest and most unique mangrove forests in the world, is a destination that
    offers an unmatched blend of adventure, wildlife, and natural beauty.</description>
     <ror:updatePeriod></ror:updatePeriod>
     <ror:sortOrder>1</ror:sortOrder>
     <ror:resourceOf>sitemap</ror:resourceOf>
</item>
<item>
     <link>https://sundarban-tour.com/blog/dobanki-watchtower</link>
     <title>Dobanki Watchtower | Explore the Wilderness of Sundarban</title>
     <description>Dobanki Watchtower: Experience the Wilderness of Sundarban from the Skywalk</description>
     <ror:updatePeriod></ror:updatePeriod>
     <ror:sortOrder>1</ror:sortOrder>
     <ror:resourceOf>sitemap</ror:resourceOf>
</item>
<item>
     <link>https://sundarban-tour.com/blog/mangrove-forest-in-sundarban</link>
     <title>The Mangrove Forest of Sundarban - A Complete Guide |</title>
     <description>Explore the Mangrove Forest of Sundarban, a UNESCO World Heritage Site known for its rich biodiversity and unique mangrove ecosystem. Learn about its significance, key attractions, and conservation efforts.</description>
     <ror:updatePeriod></ror:updatePeriod>
     <ror:sortOrder>1</ror:sortOrder>
     <ror:resourceOf>sitemap</ror:resourceOf>
</item>
<item>
     <link>https://sundarban-tour.com/blog/cheapest-sundarban-tour-package</link>
     <title>Sundarban Tour 1 Night 2 Days - Explore the Wild for ₹4000 Per Head</title>
     <description>Discover the wonders of Sundarban National Park with our
    detailed guide. Learn about its unique wildlife, key attractions, and travel tips to plan your perfect visit.</description>
     <ror:updatePeriod></ror:updatePeriod>
     <ror:sortOrder>2</ror:sortOrder>
     <ror:resourceOf>sitemap</ror:resourceOf>
</item>
<item>
     <link>https://sundarban-tour.com/blog/forest-of-sundarban</link>
     <title>Dobanki Watchtower | Explore the Wilderness of Sundarban</title>
     <description>Dobanki Watchtower: Experience the Wilderness of Sundarban from the Skywalk</description>
     <ror:updatePeriod></ror:updatePeriod>
     <ror:sortOrder>2</ror:sortOrder>
     <ror:resourceOf>sitemap</ror:resourceOf>
</item>
<item>
     <link>https://sundarban-tour.com/blog/gateway-of-sundarban</link>
     <title>Gateway of Sundarban: Explore the Enchanting Mangrove Forest</title>
     <description>Discover the Gateway of Sundarban, your ultimate guide to exploring the enchanting Sundarban mangrove forest. Learn about entry points, top attractions, and the best time to visit.</description>
     <ror:updatePeriod></ror:updatePeriod>
     <ror:sortOrder>2</ror:sortOrder>
     <ror:resourceOf>sitemap</ror:resourceOf>
</item>
<item>
     <link>https://sundarban-tour.com/blog/netidhopani-sundarban</link>
     <title>Netidhopani Sundarban Travel Guide | Explore History and Wildlife</title>
     <description>Discover the historical and ecological wonders of Netidhopani, Sundarban. Explore ancient ruins, vibrant wildlife, and the rich biodiversity of the mangrove forest.</description>
     <ror:updatePeriod></ror:updatePeriod>
     <ror:sortOrder>2</ror:sortOrder>
     <ror:resourceOf>sitemap</ror:resourceOf>
</item>
<item>
     <link>https://sundarban-tour.com/blog/mangrove-forest-of-sundarban</link>
     <title>The Mangrove Forest of Sundarban - A Complete Guide | Pather Sandhane Tourism</title>
     <description>Explore the Mangrove Forest of Sundarban, a UNESCO World Heritage Site known for its rich biodiversity and unique mangrove ecosystem. Learn about its significance, key attractions, and conservation efforts.</description>
     <ror:updatePeriod></ror:updatePeriod>
     <ror:sortOrder>2</ror:sortOrder>
     <ror:resourceOf>sitemap</ror:resourceOf>
</item>
<item>
     <link>https://sundarban-tour.com/blog/netidhopani</link>
     <title>Mangrove Forest of Sundarban - Travel Guide</title>
     <description>Explore the unique mangrove forest of Sundarban, its biodiversity, attractions, wildlife, and conservation efforts. Discover the beauty of Sundarban National Park and Sajnekhali Wildlife Sanctuary.</description>
     <ror:updatePeriod></ror:updatePeriod>
     <ror:sortOrder>2</ror:sortOrder>
     <ror:resourceOf>sitemap</ror:resourceOf>
</item>
<item>
     <link>https://sundarban-tour.com/blog/offbeat-sundarban</link>
     <title>Offbeat Sundarban: Discover Unexplored Gems</title>
     <description>Explore the offbeat Sundarban for a unique experience of untouched nature, lesser-known wildlife reserves, hidden islands, and local cultural immersion.</description>
     <ror:updatePeriod></ror:updatePeriod>
     <ror:sortOrder>2</ror:sortOrder>
     <ror:resourceOf>sitemap</ror:resourceOf>
</item>
<item>
     <link>https://sundarban-tour.com/blog/places-to-see-in-sundarban</link>
     <title>Sundarban National Park: Ultimate Guide to Explore and Experience</title>
     <description>Discover the wonders of Sundarban National Park with our detailed guide. Learn about its unique wildlife, key attractions, and travel tips to plan your perfect visit.</description>
     <ror:updatePeriod></ror:updatePeriod>
     <ror:sortOrder>2</ror:sortOrder>
     <ror:resourceOf>sitemap</ror:resourceOf>
</item>
<item>
     <link>https://sundarban-tour.com/blog/places-to-visit-in-sundarban</link>
     <title>Places to Visit in Sundarban</title>
     <description>The Sundarbans, a UNESCO
    World Heritage site, is a natural wonder that stretches across India and
    Bangladesh. Known for being the largest mangrove forest in the world.</description>
     <ror:updatePeriod></ror:updatePeriod>
     <ror:sortOrder>2</ror:sortOrder>
     <ror:resourceOf>sitemap</ror:resourceOf>
</item>
<item>
     <link>https://sundarban-tour.com/blog/royal-bengal-tiger-in-sundarban</link>
     <title>Royal Bengal Tiger in Sundarban: A Complete Guide</title>
     <description>Discover everything you need to know about the Royal Bengal Tiger in Sundarban.
    Learn about the best viewing spots, conservation efforts, and tips for spotting this majestic
    tiger.</description>
     <ror:updatePeriod></ror:updatePeriod>
     <ror:sortOrder>2</ror:sortOrder>
     <ror:resourceOf>sitemap</ror:resourceOf>
</item>
<item>
     <link>https://sundarban-tour.com/blog/sundar-ban-national-park</link>
     <title>Sundarban National Park: Ultimate Guide to Explore and Experience</title>
     <description>Discover the wonders of Sundarban National Park with our detailed guide. Learn about its unique wildlife, key attractions, and travel tips to plan your perfect visit.</description>
     <ror:updatePeriod></ror:updatePeriod>
     <ror:sortOrder>2</ror:sortOrder>
     <ror:resourceOf>sitemap</ror:resourceOf>
</item>
<item>
     <link>https://sundarban-tour.com/blog/sundarban-booking-1</link>
     <title>Sundarban Booking: Comprehensive Guide to Planning Your Perfect Sundarban Adventure</title>
     <description>Discover the wonders of Sundarban National Park with our detailed guide. Learn
    about its unique wildlife, key attractions, and travel tips to plan your perfect visit.</description>
     <ror:updatePeriod></ror:updatePeriod>
     <ror:sortOrder>2</ror:sortOrder>
     <ror:resourceOf>sitemap</ror:resourceOf>
</item>
<item>
     <link>https://sundarban-tour.com/blog/sundarban-booking</link>
     <title>Sundarban Booking: A Gateway to Adventure</title>
     <description>The Sundarbans, a UNESCO World Heritage site, is a sprawling delta and one of the most
    biodiverse regions in the world. Home to the majestic Royal Bengal Tiger and a myriad of other
    wildlife species, the Sundarbans is a paradise for nature enthusiasts and adventure seekers
    alike.</description>
     <ror:updatePeriod></ror:updatePeriod>
     <ror:sortOrder>2</ror:sortOrder>
     <ror:resourceOf>sitemap</ror:resourceOf>
</item>
<item>
     <link>https://sundarban-tour.com/blog/sundarban-package</link>
     <title>Why Choose Our Sundarban Packages?</title>
     <description>Looking for an unforgettable escape into nature? Our Sundarban packages offer you a gateway to one of the world's most unique ecosystems.</description>
     <ror:updatePeriod></ror:updatePeriod>
     <ror:sortOrder>2</ror:sortOrder>
     <ror:resourceOf>sitemap</ror:resourceOf>
</item>
<item>
     <link>https://sundarban-tour.com/blog/sundarban-tiger-camp</link>
     <title>Why Choose Sunderban Tiger Camp?</title>
     <description>The Sunderban Tiger Camp is a premier destination for wildlife enthusiasts, nature lovers, and those seeking an immersive experience in one of the world's most unique ecosystems.</description>
     <ror:updatePeriod></ror:updatePeriod>
     <ror:sortOrder>2</ror:sortOrder>
     <ror:resourceOf>sitemap</ror:resourceOf>
</item>
<item>
     <link>https://sundarban-tour.com/blog/sundarban-tour-and-travels</link>
     <title>The Magic of Sundarban Tour and Travels</title>
     <description>The Sundarbans is not just another travel destination; it is a UNESCO World Heritage site that hosts the largest tidal halophytic mangrove forest in the world.</description>
     <ror:updatePeriod></ror:updatePeriod>
     <ror:sortOrder>2</ror:sortOrder>
     <ror:resourceOf>sitemap</ror:resourceOf>
</item>
<item>
     <link>https://sundarban-tour.com/blog/sundarban-tour-package-price</link>
     <title>Understanding Sundarban Tour Package Price</title>
     <description>Planning a trip to the Sundarbans, one of the world's most renowned natural wonders, involves careful consideration of various factors, including the cost.</description>
     <ror:updatePeriod></ror:updatePeriod>
     <ror:sortOrder>2</ror:sortOrder>
     <ror:resourceOf>sitemap</ror:resourceOf>
</item>
<item>
     <link>https://sundarban-tour.com/blog/sundarban-tour-package</link>
     <title>Experience the Untamed Wilderness of Sundarban</title>
     <description>Sundarban, the world's largest mangrove forest and a UNESCO World Heritage Site, offers a unique
    blend of adventure and tranquillity. Known for its rich biodiversity, including the majestic
    Royal Bengal Tiger</description>
     <ror:updatePeriod></ror:updatePeriod>
     <ror:sortOrder>2</ror:sortOrder>
     <ror:resourceOf>sitemap</ror:resourceOf>
</item>
<item>
     <link>https://sundarban-tour.com/blog/sundarban-tour</link>
     <title>Explore the Untamed Beauty of the Sundarban Tour</title>
     <description> The Sundarban, a name synonymous with mystery and adventure, is a sprawling delta formed by the
    confluence of the Ganges, Brahmaputra, and Meghna rivers.</description>
     <ror:updatePeriod></ror:updatePeriod>
     <ror:sortOrder>2</ror:sortOrder>
     <ror:resourceOf>sitemap</ror:resourceOf>
</item>
<item>
     <link>https://sundarban-tour.com/blog/sundarban-tourism-package</link>
     <title>Why Choose a Sundarban Tourism Package?</title>
     <description>The Sundarbans, a UNESCO World Heritage Site, is one of the most unique and captivating natural
    wonders in the world. Known for its dense mangrove forests</description>
     <ror:updatePeriod></ror:updatePeriod>
     <ror:sortOrder>2</ror:sortOrder>
     <ror:resourceOf>sitemap</ror:resourceOf>
</item>
<item>
     <link>https://sundarban-tour.com/blog/sundarban-travel</link>
     <title>Why Sundarban Should Be on Your Travel List</title>
     <description> Sundarban, the world's largest mangrove forest and a UNESCO World Heritage site, is a
    destination that beckons travelers with its rich biodiversity, enigmatic wildlife, and unique
    landscapes.</description>
     <ror:updatePeriod></ror:updatePeriod>
     <ror:sortOrder>2</ror:sortOrder>
     <ror:resourceOf>sitemap</ror:resourceOf>
</item>
<item>
     <link>https://sundarban-tour.com/blog/sundarban-trip</link>
     <title>Embark on a Memorable Sundarban Trip with Our Exclusive Tour Packages</title>
     <description>Sundarban, the world's largest mangrove forest and a UNESCO World Heritage Site, is a
    destination like no other.</description>
     <ror:updatePeriod></ror:updatePeriod>
     <ror:sortOrder>2</ror:sortOrder>
     <ror:resourceOf>sitemap</ror:resourceOf>
</item>
<item>
     <link>https://sundarban-tour.com/blog/sundarban-visiting-places</link>
     <title>Embark on a Memorable Sundarban Trip with Our Exclusive Tour Packages</title>
     <description>he Sundarban Tiger Reserve is the jewel of the Sundarbans, renowned for its population of Royal
    Bengal Tigers. The reserve is a vast network of tidal waterways</description>
     <ror:updatePeriod></ror:updatePeriod>
     <ror:sortOrder>2</ror:sortOrder>
     <ror:resourceOf>sitemap</ror:resourceOf>
</item>
<item>
     <link>https://sundarban-tour.com/blog/wbtdc-sundarban-package-tour-in-december</link>
     <title>WBTC Sundarban Package Tour in December</title>
     <description>Discover the wonders of Sundarban National Park with our detailed guide. Learn
    about its unique wildlife, key attractions, and travel tips to plan your perfect visit.</description>
     <ror:updatePeriod></ror:updatePeriod>
     <ror:sortOrder>2</ror:sortOrder>
     <ror:resourceOf>sitemap</ror:resourceOf>
</item>
<item>
     <link>https://sundarban-tour.com/hotels/</link>
     <title>Discover the Magic of Jungle wildlife in Sundarban Tour</title>
     <description>Experience an unforgettable Sundarban tour with Jungle safaris, thrilling wildlife &amp; serene Boat rides. Discover the beauty of this UNESCO World Heritage Site. </description>
     <ror:updatePeriod></ror:updatePeriod>
     <ror:sortOrder>2</ror:sortOrder>
     <ror:resourceOf>sitemap</ror:resourceOf>
</item>
<item>
     <link>https://sundarban-tour.com/clients/</link>
     <title>Discover the Magic of Jungle wildlife in Sundarban Tour</title>
     <description>Experience an unforgettable Sundarban tour with Jungle safaris, thrilling wildlife &amp; serene Boat rides. Discover the beauty of this UNESCO World Heritage Site. </description>
     <ror:updatePeriod></ror:updatePeriod>
     <ror:sortOrder>2</ror:sortOrder>
     <ror:resourceOf>sitemap</ror:resourceOf>
</item>
<item>
     <link>https://sundarban-tour.com/gallery/page-1</link>
     <title>Discover the Magic of Jungle wildlife in Sundarban Tour</title>
     <description>Experience an unforgettable Sundarban tour with Jungle safaris, thrilling wildlife &amp; serene Boat rides. Discover the beauty of this UNESCO World Heritage Site. </description>
     <ror:updatePeriod></ror:updatePeriod>
     <ror:sortOrder>2</ror:sortOrder>
     <ror:resourceOf>sitemap</ror:resourceOf>
</item>
<item>
     <link>https://sundarban-tour.com/boat/</link>
     <title>Discover the Magic of Jungle wildlife in Sundarban Tour</title>
     <description>Experience an unforgettable Sundarban tour with Jungle safaris, thrilling wildlife &amp; serene Boat rides. Discover the beauty of this UNESCO World Heritage Site. </description>
     <ror:updatePeriod></ror:updatePeriod>
     <ror:sortOrder>2</ror:sortOrder>
     <ror:resourceOf>sitemap</ror:resourceOf>
</item>
<item>
     <link>https://sundarban-tour.com/hotels/page-1</link>
     <title>Discover the Magic of Jungle wildlife in Sundarban Tour</title>
     <description>Experience an unforgettable Sundarban tour with Jungle safaris, thrilling wildlife &amp; serene Boat rides. Discover the beauty of this UNESCO World Heritage Site. </description>
     <ror:updatePeriod></ror:updatePeriod>
     <ror:sortOrder>3</ror:sortOrder>
     <ror:resourceOf>sitemap</ror:resourceOf>
</item>
<item>
     <link>https://sundarban-tour.com/clients/page-1</link>
     <title>Discover the Magic of Jungle wildlife in Sundarban Tour</title>
     <description>Experience an unforgettable Sundarban tour with Jungle safaris, thrilling wildlife &amp; serene Boat rides. Discover the beauty of this UNESCO World Heritage Site. </description>
     <ror:updatePeriod></ror:updatePeriod>
     <ror:sortOrder>3</ror:sortOrder>
     <ror:resourceOf>sitemap</ror:resourceOf>
</item>
<item>
     <link>https://sundarban-tour.com/boat/page-1</link>
     <title>Discover the Magic of Jungle wildlife in Sundarban Tour</title>
     <description>Experience an unforgettable Sundarban tour with Jungle safaris, thrilling wildlife &amp; serene Boat rides. Discover the beauty of this UNESCO World Heritage Site. </description>
     <ror:updatePeriod></ror:updatePeriod>
     <ror:sortOrder>3</ror:sortOrder>
     <ror:resourceOf>sitemap</ror:resourceOf>
</item>
<item>
     <link>https://sundarban-tour.com/hotels/page-2</link>
     <title>Discover the Magic of Jungle wildlife in Sundarban Tour</title>
     <description>Experience an unforgettable Sundarban tour with Jungle safaris, thrilling wildlife &amp; serene Boat rides. Discover the beauty of this UNESCO World Heritage Site. </description>
     <ror:updatePeriod></ror:updatePeriod>
     <ror:sortOrder>4</ror:sortOrder>
     <ror:resourceOf>sitemap</ror:resourceOf>
</item>
<item>
     <link>https://sundarban-tour.com/clients/page-2</link>
     <title>Discover the Magic of Jungle wildlife in Sundarban Tour</title>
     <description>Experience an unforgettable Sundarban tour with Jungle safaris, thrilling wildlife &amp; serene Boat rides. Discover the beauty of this UNESCO World Heritage Site. </description>
     <ror:updatePeriod></ror:updatePeriod>
     <ror:sortOrder>4</ror:sortOrder>
     <ror:resourceOf>sitemap</ror:resourceOf>
</item>
<item>
     <link>https://sundarban-tour.com/hotels/page-3</link>
     <title>Discover the Magic of Jungle wildlife in Sundarban Tour</title>
     <description>Experience an unforgettable Sundarban tour with Jungle safaris, thrilling wildlife &amp; serene Boat rides. Discover the beauty of this UNESCO World Heritage Site. </description>
     <ror:updatePeriod></ror:updatePeriod>
     <ror:sortOrder>5</ror:sortOrder>
     <ror:resourceOf>sitemap</ror:resourceOf>
</item>
</channel>
</rss>
  